id_location;state;city;store
482;N/A;Kombësi;Lang-Von
900;N/A;Xiaoling;Lemke Group
670;N/A;Pateros;"Wisoky; Pouros and Kunde"
526;N/A;Limatambo;Rice-Corwin
57;15;Vila Ribeiro;Herman-Paucek
537;N/A;Longzhou;Thiel-Stokes
346;N/A;Garbolovo;Balistreri and Sons
343;N/A;Gagarawa;"Gaylord; Blanda and Stokes"
387;N/A;Hexi;Klein LLC
691;N/A;Polanka Wielka;"Purdy; Bruen and Wisoky"
27;07;Amsterdam Westpoort;Aufderhar-Veum
186;N/A;Banjar Geriana Kangin;"Blanda; Leffler and Klein"
737;N/A;Rutana;Collier and Sons
59;16;Boucinha;"Gorczany; Cronin and Maggio"
639;N/A;Nūsay;Murray-Altenwerth
193;N/A;Batangafo;Bechtelar-Schuster
417;N/A;Isojoki;Friesen-Herzog
671;N/A;Paulínia;McDermott and Sons
915;N/A;Yamango;Hyatt-Von
78;A7;Rouen;"Wintheiser; Wolf and Marvin"
203;N/A;Bella Vista;"Hudson; VonRueden and Grady"
703;N/A;Pāshmūl;"Feil; Green and Feil"
427;N/A;Jesús María;Heller Inc
938;N/A;Zhanjiang;"D'Amore; Haag and Gutmann"
392;N/A;Houping;Konopelski Group
418;N/A;Itu;Stokes and Sons
24;06;Praia da Tocha;Vandervort Group
368;N/A;Guicheng;Morissette-Bechtelar
166;N/A;Ardirejo;Von-Schiller
208;N/A;Bernardo Larroudé;Bins-Blick
351;N/A;Gersikputih Tengah;Ruecker-Zieme
857;N/A;Tuopu Luke;Little-Beer
705;N/A;Qaxa;Hessel-Rogahn
830;N/A;Tapiramutá;Herzog Group
98;B2;Saint-Dié-des-Vosges;Leannon Inc
645;N/A;Olo;Tillman-Gleichner
522;N/A;Libato;Dach-Vandervort
124;F;Nässjö;Gottlieb-Rice
832;N/A;Taurage;"Beer; Weissnat and Bruen"
222;N/A;Bor;Smitham LLC
317;N/A;Donglu;Kihn-Ebert
981;S;Kristinehamn;Christiansen-Kihn
619;N/A;Ngou;"Stark; Jaskolski and Schroeder"
608;N/A;Na Muen;Mann-Ruecker
442;N/A;Kajiki;Hoppe-Daugherty
337;N/A;Fermoy;Dickens and Sons
939;N/A;Zhengmo;Kuhlman-Abshire
132;M;Helsingborg;Bogisich-Thompson
205;N/A;Benešov nad Černou;Zulauf and Sons
396;N/A;Huangkeng;"Osinski; Kshlerin and Moore"
589;N/A;Mojorembun;Roob-Turner
891;N/A;Whitegate;Ratke Inc
952;N/A;Zuru;Schuster-Zboncak
298;N/A;Dahao;"Hackett; Kutch and Bartoletti"
543;N/A;Luna;Miller-Tremblay
221;N/A;Bongor;Cole LLC
973;ON;Ingersoll;"Romaguera; Huels and Reinger"
587;N/A;Mlonggo;Conroy and Sons
863;N/A;Tōkamachi;Grant Group
852;N/A;Tubuhue;Sanford-Kirlin
829;N/A;Tangping;Schmitt-Doyle
470;N/A;Kilifi;Strosin and Sons
550;N/A;Maguilling;Senger-Moen
729;N/A;Ringinrejo;Ziemann and Sons
391;N/A;Hongshi;Bartell Inc
461;N/A;Kembangarum;Thompson-Leuschke
715;N/A;Qingzhou;Jacobi Group
364;N/A;Guanxi;Friesen-Ruecker
761;N/A;Sarnów;"Moen; Schamberger and Welch"
131;LM;Milano;McKenzie and Sons
993;VER;Guadalupe Victoria;D'Amore-Kohler
918;N/A;Yangzhuang;"Beahan; Thompson and Kohler"
808;N/A;Studenec;"Adams; Stehr and Bradtke"
315;N/A;Donggou;Cummerata LLC
787;N/A;Shuiyang;Runolfsdottir-Botsford
462;N/A;Kenyau;Zboncak Group
107;C1;Strasbourg;"Dibbert; Cruickshank and Kilback"
815;N/A;Szczecinek;West Inc
845;N/A;Togu;"Yundt; Ledner and Renner"
980;S;Karlstad;Bahringer-Wintheiser
224;N/A;Boyarka;Hackett-Olson
352;N/A;Getung;"Ankunding; Predovic and Jaskolski"
101;B8;Salon-de-Provence;Morissette Group
335;N/A;Fengxizhai;"Stoltenberg; Murphy and Breitenberg"
530;N/A;Listvyanka;"Heaney; Smitham and Cruickshank"
623;N/A;Niška Banja;"Kiehn; Hand and Bernier"
465;N/A;Keyi;Schaefer-Gottlieb
822;N/A;Tagapul-an;Swaniawski-Upton
725;N/A;Renhe;Becker-Shanahan
564;N/A;Marinići;Runte-Treutel
979;QC;Plessisville;Boyle and Sons
598;N/A;Mozdok;Terry-Tremblay
767;N/A;Sernur;Blick and Sons
118;DC;Washington;"Hyatt; Robel and Mayert"
909;N/A;Xin’an;Armstrong Group
350;N/A;Germiston;Marks Inc
353;N/A;Ghauspur;White Inc
379;N/A;Hanzhong;Emard LLC
174;N/A;Babakankalong;Pollich Inc
875;N/A;Vilnius;"O'Reilly; Dach and Auer"
662;N/A;Pančevo;"Kassulke; Russel and Romaguera"
106;BU;Budapest;Kessler and Sons
377;N/A;Hadapu Zhen;"Tromp; Lesch and Bernier"
97;AK;Anchorage;Fisher LLC
228;N/A;Brodek u Přerova;"Baumbach; Zboncak and Metz"
667;N/A;Pasiraman;Nader-Dickens
988;TX;Gatesville;Gaylord and Sons
354;N/A;Giebułtów;Brown-Hilll
683;N/A;Pianling;Haley LLC
765;N/A;Selat;Stiedemann-Lubowitz
226;N/A;Bragança Paulista;"Johnston; Weissnat and Turner"
68;97;Boé;"Cummings; Yost and Cummerata"
437;N/A;Jinjia;Bruen Inc
275;N/A;Ciawitali;"Grady; Cassin and Gorczany"
291;N/A;Conchagua;"Weissnat; Borer and Shanahan"
837;N/A;Thap Khlo;"Kulas; Konopelski and Batz"
873;N/A;Verkhnyaya Belka;Jakubowski-Hessel
885;N/A;Watodei;O'Reilly-Langworth
82;A8;Paris 19;Kozey-Mertz
957;N/A;Łąka Prudnicka;"Emmerich; Barrows and Mayer"
551;N/A;Mahdalynivka;Davis-Graham
149;N/A;Al Ḩashwah;Bogisich-MacGyver
601;N/A;Mulino;Johnson-Bergstrom
469;N/A;Khun Han;Greenholt and Sons
476;N/A;Ključ;Bradtke and Sons
892;N/A;Wierzbica;Marks-Fisher
798;N/A;Somorpenang;Maggio and Sons
502;N/A;La Cruz;Hammes-Kuphal
370;N/A;Guling;Halvorson Inc
277;N/A;Cibunar;"Cummings; Metz and Mueller"
696;N/A;Protaras;"Metz; Kilback and McKenzie"
182;N/A;Ballisodare;Gutkowski-Sporer
574;N/A;Mbandjok;Crooks Inc
109;CA;Los Angeles;"Weissnat; Kuvalis and Schaefer"
338;N/A;Filótion;"Jenkins; Flatley and Beahan"
219;N/A;Bolgar;Daniel-Walsh
626;N/A;Novopokrovka;"Grimes; Cummerata and Conn"
912;N/A;Yaguajay;Bernier-O'Connell
435;N/A;Jingcheng;"Collins; Muller and Armstrong"
488;N/A;Kotabumi;Rolfson and Sons
292;N/A;Corozal;"Schaefer; Buckridge and Blick"
441;N/A;Kaiaf;Trantow Inc
383;N/A;Herong;Blanda Inc
826;N/A;Takikawa;"Kuvalis; Treutel and Pacocha"
804;N/A;Staraya Mayna;Leffler Group
766;N/A;Senglea;Stracke-Zemlak
86;A9;Nîmes;Mayert and Sons
549;N/A;Magdalena;"Boyer; Hilpert and Rutherford"
655;N/A;Paitan;Feest-Donnelly
659;N/A;Panganiban;Kub-Larson
997;X;Gävle;Funk-McLaughlin
467;N/A;Khodzhi-Gasan;Stiedemann-Corwin
191;N/A;Bao’an;Johns Group
90;AB;Solna;McLaughlin Group
70;A1;Dijon;Carter Inc
46;13;Lameira;"Feeney; Schinner and Pacocha"
614;N/A;Narva;"Harvey; Schulist and Emard"
657;N/A;Pamyat’ Parizhskoy Kommuny;Ratke-Hudson
323;N/A;Duping;"Ebert; Stanton and Hyatt"
202;N/A;Belgorod;Reinger LLC
823;N/A;Tahilt;Glover and Sons
73;A2;Rennes;"Satterfield; Jacobs and Rau"
196;N/A;Bayanbaraat;Pagac LLC
506;N/A;Lajeado;"Rogahn; Murray and Schumm"
147;N/A;Al Quwaysimah;Reilly-Stark
690;N/A;Pokrovskoye;Kirlin-Gottlieb
556;N/A;Mandaon;Pouros-Gislason
361;N/A;Greenville;"Doyle; Schneider and Torp"
477;N/A;Kobiernice;Rolfson LLC
204;N/A;Beloye;Kemmer-Tremblay
751;N/A;San Juan Sacatepéquez;Lebsack-Windler
63;18;Igreja;Wehner-Bosco
907;N/A;Xinying;"Goodwin; Vandervort and Streich"
542;N/A;Lukulu;"Thiel; Treutel and Kautzer"
568;N/A;Maykopskoye;"Swaniawski; Kirlin and Stanton"
5;01;Pigeiros;Glover-Renner
521;N/A;Libas;"Waters; Glover and Deckow"
283;N/A;Cipeundeuy;Steuber-Rempel
861;N/A;Tân Hiệp;Gerlach-Streich
311;N/A;Dikson;Fritsch Inc
603;N/A;Mwene-Ditu;Gottlieb-Bergstrom
426;N/A;Jebba;Roberts-Harber
241;N/A;Buyant;"Effertz; Harvey and Kunze"
992;VER;Adolfo Ruiz Cortines;Flatley-Hand
120;E;Söderköping;Effertz-Mertz
327;N/A;El Rancho;Boyle-Batz
1;01;Avanca;Considine-Nitzsche
819;N/A;Tabunok;Mayer-Rippin
40;11;Queluz de Baixo;MacGyver Inc
774;N/A;Shaoha;Schroeder Group
560;N/A;Maopingchang;"Gerhold; O'Conner and Gaylord"
680;N/A;Phra Phutthabat;Auer-Considine
66;18;Póvoa de Santo António;Fay-Shanahan
231;N/A;Buenos Aires;"Ondricka; Crist and Satterfield"
302;N/A;Danao;Brakus Inc
849;N/A;Trzcinica;"Marquardt; Baumbach and Powlowski"
538;N/A;Los Boquerones;Mraz LLC
768;N/A;Shahr-e Qods;Wintheiser Group
162;N/A;Ar Rahad;"Kemmer; Labadie and Davis"
584;N/A;Mintang;Feil-Larson
785;N/A;Shuangxi;Connelly Group
553;N/A;Maizuru;Flatley Group
954;N/A;Árta;"Hegmann; Sipes and Fay"
144;N/A;Aiquile;"Kub; Cole and Osinski"
406;N/A;Igbo Ora;"Moen; Carroll and Murphy"
944;N/A;Zhongshanlu;Hackett-Nienow
741;N/A;Sabinópolis;"Maggio; Jaskolski and Wilkinson"
274;N/A;Chuncheon;Schamberger Inc
940;N/A;Zhenshan;Pfeffer-Schuster
616;N/A;Ngangpo;"Konopelski; Batz and Waelchi"
525;N/A;Lifuta;Weimann Inc
77;A6;Dole;Turcotte LLC
429;N/A;Jhingergācha;Stokes-Wintheiser
967;NY;New York City;Schmeler-Greenholt
214;N/A;Blangpulo;Bergnaum LLC
490;N/A;Krabi;"Beier; Bins and Lehner"
640;N/A;Obollo-Afor;VonRueden Group
899;N/A;Xiangxi;Greenholt-Shields
675;N/A;Penghu;Schimmel Group
782;N/A;Shishan;"Stiedemann; Doyle and Miller"
784;N/A;Shuanghejiedao;Kertzmann Inc
135;MO;Saint Louis;Johnson-Koch
648;N/A;Oubei;"Beahan; Raynor and Schamberger"
744;N/A;Salgar;Kuphal and Sons
860;N/A;Tân Châu;"Von; Nolan and Witting"
296;N/A;Cuamba;Connelly-Harber
20;06;'s-Hertogenbosch;Rippin LLC
265;N/A;Changyi;Littel and Sons
96;AC;Skellefteå;"Sporer; Legros and Tremblay"
310;N/A;Didou;Schinner LLC
16;05;Heerlen;"Homenick; Rohan and Durgan"
943;N/A;Zhongchao;Herzog-King
276;N/A;Cibitung;"Harvey; Little and Upton"
548;N/A;Magarao;Mante and Sons
457;N/A;Katima Mulilo;Rutherford-Leffler
466;N/A;Keyinhe;"Jacobson; Yundt and Cormier"
722;N/A;Rebe;Schiller and Sons
32;10;Brejieira;Sipes-Bergstrom
285;N/A;Ciudad Arce;"Heidenreich; Stanton and Corkery"
382;N/A;Heishui;Prohaska Inc
408;N/A;Ikeda;"Metz; Schuster and Ryan"
320;N/A;Dukhovshchina;Windler and Sons
758;N/A;Sanom;"Green; Gorczany and Schuster"
592;N/A;Mompós;Mueller-Rohan
150;N/A;Alegrete;Daugherty and Sons
818;N/A;Sędziszów;Brakus and Sons
56;15;Pinhal Novo;Kunde LLC
995;W;Falun;"Jaskolski; Gorczany and Russel"
341;N/A;Freetown;"Ullrich; Bergstrom and Baumbach"
108;CA;Bakersfield;"Klocko; Gislason and Huels"
480;N/A;Koga;"Tromp; Nienow and Emmerich"
271;N/A;Chor;Langosh and Sons
896;N/A;Wādī as Salqā;Kemmer LLC
881;N/A;Vysehrad;"Lakin; Kuphal and Breitenberg"
514;N/A;Lesichevo;"Douglas; Gutmann and Monahan"
806;N/A;Staroshcherbinovskaya;"Abshire; Anderson and Connelly"
286;N/A;Claremorris;"Treutel; Wintheiser and Gutkowski"
864;N/A;T’et’ri Tsqaro;Powlowski LLC
272;N/A;Choujiang;Schmeler and Sons
264;N/A;Changyanbao;"Cassin; Roberts and Ebert"
627;N/A;Novoshakhtinsk;Greenholt-Waelchi
701;N/A;Puunage;Shanahan LLC
112;CA;San Jose;Corwin-Considine
924;N/A;Yezhou;"Kris; King and Cummings"
978;QC;Mont-Saint-Hilaire;"Tromp; Hilpert and Cole"
800;N/A;Sosnovyy Bor;Fadel-Ritchie
707;N/A;Qiandian;Beier-Schowalter
794;N/A;Sioguí Arriba;Watsica-Feest
889;N/A;Wengyang;Sawayn Group
409;N/A;Ilhéus;Gorczany-Weber
755;N/A;San Pedro de Lloc;Homenick-Hartmann
478;N/A;Kobylí;"Grimes; Hauck and Franecki"
316;N/A;Dongjin;"Zulauf; Jakubowski and Schaefer"
41;11;Várzea de Sintra;Feeney-White
770;N/A;Shalizhai;Smitham-Larkin
165;N/A;Arari;Bechtelar LLC
136;MOR;Emiliano Zapata;Marks-Ziemann
309;N/A;Daxing;Kuvalis Inc
535;N/A;Longmen;Cremin-Nikolaus
983;SN;Leipzig;Cruickshank Group
217;N/A;Bokor;Langworth-Schaefer
668;N/A;Pasirpanjang;McCullough-O'Hara
500;N/A;Kíti;Lindgren-Boyle
483;N/A;Kondrovo;Botsford Group
516;N/A;Leudelange;"Osinski; Casper and Heidenreich"
651;N/A;Oyam;Hane and Sons
605;N/A;Mzuzu;"Bartoletti; Spinka and Senger"
405;N/A;Ibarreta;Harvey Group
503;N/A;La Eduvigis;Stracke Inc
570;N/A;Mayumba;"Batz; Corkery and Blick"
897;N/A;Xarag;"Skiles; Emard and Nikolaus"
330;N/A;Embalse;O'Reilly LLC
486;N/A;Korfovskiy;"Johnston; Kulas and Leuschke"
178;N/A;Baima;Lebsack-Lebsack
33;1084;København;Lueilwitz Group
920;N/A;Yantianhe;Feil-Cassin
255;N/A;Cangchang;"Stroman; Williamson and Hegmann"
862;N/A;Tía Juana;Zboncak LLC
684;N/A;Pinggan;Ratke Inc
606;N/A;Mārupe;Fadel-Hilll
434;N/A;Jindui;"Pouros; Kiehn and Flatley"
789;N/A;Shymkent;"Glover; Howell and Zieme"
55;15;Brejoeira;Baumbach LLC
290;N/A;Concepción;Ward-Kovacek
740;N/A;Sabandia;Ondricka-Schamberger
345;N/A;Gandoang;"Bayer; Crooks and Kunze"
776;N/A;Shar’ya;"Gaylord; Morar and Boehm"
216;N/A;Boconó;Osinski-Cartwright
790;N/A;Sigetec;Quigley-Murphy
428;N/A;Jeziora Wielkie;Lesch-Herman
930;N/A;Yuyapichis;Emmerich-Mills
158;N/A;Anilao;Kemmer-Pouros
307;N/A;Datang;Gulgowski LLC
356;N/A;Golovchino;Kautzer and Sons
339;N/A;Flores da Cunha;"Kautzer; Feeney and Kemmer"
865;N/A;Uchkeken;Jaskolski-Aufderhar
463;N/A;Keren;"Kunde; Harber and Brekke"
93;AB;Stockholm;Larkin Inc
250;N/A;Caja;Donnelly-Douglas
423;N/A;Jalaud;Bartoletti Group
586;N/A;Mlalo;Sawayn-McClure
946;N/A;Zhongxian;Shields-Langworth
630;N/A;Nularan;Welch and Sons
246;N/A;Bắc Kạn;Kulas Inc
781;N/A;Shirone;"Blick; Murray and Hodkiewicz"
87;AB;Claresholm;Padberg and Sons
922;N/A;Yashikera;Miller-Collier
288;N/A;Colima;"Huels; Kshlerin and Swift"
689;N/A;Podkumskiy;Hirthe-Renner
742;N/A;Sacramento;"Becker; Cremin and Hayes"
45;13;Duas Igrejas;"Hahn; Jacobi and Leuschke"
796;N/A;Smołdzino;Mosciski Group
986;TX;Austin;"King; Hand and Effertz"
160;N/A;Annaka;Haley-Emmerich
444;N/A;Kalatongke;"Wunsch; Emmerich and Conn"
968;O;Skövde;Lubowitz-Rice
23;06;Geldrop;Weber-Gulgowski
261;N/A;Chachoengsao;Runte LLC
400;N/A;Huangze;Treutel-Langworth
245;N/A;Březová nad Svitavou;Schneider-Conn
887;N/A;Wenceslau Braz;"O'Hara; Hammes and Schiller"
848;N/A;Tonshayevo;"Hansen; Bode and Howe"
642;N/A;Oibioin;Schinner LLC
89;AB;Lethbridge;Daniel Group
318;N/A;Draginje;"Hodkiewicz; Bednar and Schultz"
685;N/A;Pingtang;"Lynch; Altenwerth and Sipes"
493;N/A;Krzeczów;"Wintheiser; Bode and Renner"
613;N/A;Nariño;Bernhard LLC
139;N/A;Acajutla;Franecki and Sons
259;N/A;Catarman;Stiedemann LLC
454;N/A;Karsin;"Kulas; Keebler and Lubowitz"
133;MEX;La Virgen;Feest and Sons
247;N/A;Cabaritan East;Hettinger Inc
67;72;San Juan;"Medhurst; Bashirian and Macejkovic"
501;N/A;Křižanov;"Heathcote; Yost and Schumm"
8;03;Escola;Kovacek LLC
953;N/A;Áno Kalentíni;Schinner-Miller
687;N/A;Plasy;Gusikowski-Toy
563;N/A;Maribong;Kuhlman Group
810;N/A;Sukamaju;"Morar; Lebsack and Kohler"
856;N/A;Tuopu Luke;Flatley-Crona
438;N/A;João Pinheiro;"Kiehn; Willms and McLaughlin"
295;N/A;Cotia;Kilback-Herman
921;N/A;Yartsevo;Jacobs Group
905;N/A;Xinxi;Pouros and Sons
710;N/A;Qifang;"Ledner; Jacobi and Blick"
192;N/A;Barengkok;Dooley and Sons
44;13;Campos;Koelpin Inc
456;N/A;Katima Mulilo;"Gerhold; Schmeler and Halvorson"
669;N/A;Pasirreungit;Cummerata LLC
974;ON;St. Thomas;Von and Sons
566;N/A;Maromitsa;Weissnat LLC
155;N/A;Ampanihy;Russel Group
618;N/A;Ngou;Aufderhar-Ferry
239;N/A;Busilak;"Spinka; Cruickshank and Sauer"
708;N/A;Qianpai;"Funk; Hodkiewicz and Medhurst"
380;N/A;Hatava;"Cruickshank; Cole and Greenfelder"
161;N/A;Anxiang;"Fadel; Rau and Jones"
280;N/A;Cilegong;Cole-Reinger
129;K;Sölvesborg;Rice LLC
959;N/A;Šalovci;"Conn; Turner and Rodriguez"
126;GRO;Lazaro Cardenas;Hirthe Inc
772;N/A;Shangyang;Zulauf Group
559;N/A;Maogou;Kessler-Mosciski
557;N/A;Mandaue City;"Runolfsdottir; Wehner and Lindgren"
440;N/A;Junaynat Raslān;"Lebsack; Beer and Bashirian"
622;N/A;Nishinoomote;"Smith; Blanda and Waters"
397;N/A;Huangnaihai;Kozey Group
681;N/A;Phra Phutthabat;"Hackett; Larson and Sanford"
736;N/A;Russeifa;Purdy-Quitzon
151;N/A;Alegria;"Considine; Moore and Steuber"
763;N/A;Sebewe;"Schmidt; Blick and Conn"
359;N/A;Gouyan;Jakubowski and Sons
179;N/A;Baki;"Stoltenberg; Aufderhar and Ritchie"
966;NSW;Sydney;"Abernathy; Bartoletti and Jacobi"
273;N/A;Chujiang;"Robel; Lindgren and Sporer"
415;N/A;Isawa;Funk-Runolfsson
617;N/A;Ngembel;Ziemann LLC
955;N/A;Árta;Hodkiewicz-Grady
485;N/A;Koper;"Kilback; Windler and Champlin"
638;N/A;Nūrābād;Deckow-Turcotte
385;N/A;Hetai;Hodkiewicz-Satterfield
663;N/A;Paoua;Adams LLC
513;N/A;Leifeng;Bednar Inc
895;N/A;Wuma;"Becker; Stanton and Smith"
664;N/A;Paradyż;Brown Inc
328;N/A;El Águila;Thiel-McLaughlin
878;N/A;Vorontsovka;Crooks and Sons
91;AB;Stockholm;Davis and Sons
947;N/A;Zhoujiang;Bartell-Spencer
731;N/A;Rudong;"O'Conner; Hickle and Jaskolski"
365;N/A;Guanyinsi;Pacocha LLC
164;N/A;Arapongas;"Spinka; Cole and Erdman"
941;N/A;Zhenziliang;"Mosciski; Predovic and Nolan"
839;N/A;Thị Trấn Trùng Khánh;"DuBuque; Muller and Pagac"
15;04;Vila Flor;Jacobi Inc
376;N/A;Gīdolē;Bogan LLC
976;PRK;Ipoh;Kunze LLC
257;N/A;Capitán Bermúdez;Macejkovic Group
533;N/A;Lokossa;McGlynn LLC
621;N/A;Nikel’;Douglas Group
152;N/A;Almaznyy;"Nikolaus; Mitchell and Cormier"
468;N/A;Khong Chai;Sporer-Donnelly
394;N/A;Huanghuai;Homenick-Zieme
694;N/A;Potrero Grande;Lynch-Hoeger
48;13;Reguenga;Mills-Raynor
206;N/A;Berdyans’k;"Hegmann; Heller and Buckridge"
64;18;Ourozinho;Wunsch-Beahan
402;N/A;Huyunxiang;Weissnat Group
223;N/A;Boston;Gutmann LLC
404;N/A;Hương Sơn;"Funk; Swift and Runolfsdottir"
820;N/A;Tabuny;O'Keefe-Macejkovic
331;N/A;Engenheiro Beltrão;Johns-Flatley
324;N/A;Dūrā al Qar‘;"Christiansen; Flatley and Miller"
80;A8;Paris 14;Orn-Padberg
367;N/A;Gueset;Schoen and Sons
378;N/A;Haixing;Beahan Group
945;N/A;Zhongxi;"Reilly; Langosh and Kihn"
615;N/A;Nevel’sk;Stamm-Weimann
850;N/A;Tuanchengshan;"Greenholt; Kunze and Haley"
399;N/A;Huangwei;"Sawayn; Emard and Larson"
635;N/A;Nzega;Mraz and Sons
972;ON;Carleton Place;McGlynn-Oberbrunner
738;N/A;Räpina;Kshlerin LLC
495;N/A;Krông Kmar;Gaylord-Weber
672;N/A;Pedaringan;Fay LLC
786;N/A;Shuangxiqiao;"Yundt; Homenick and Hand"
643;N/A;Ojos de Agua;Lubowitz-Ledner
633;N/A;Nyangao;Heidenreich Group
34;1084;København;"Ruecker; Hudson and Welch"
697;N/A;Przemków;Predovic-Bahringer
347;N/A;Garhi Yāsīn;Shanahan Inc
114;COA;Loma Bonita;"Spinka; Graham and Luettgen"
624;N/A;Nova Petrópolis;Lowe LLC
84;A8;Évry;Schoen Inc
841;N/A;Tianzhou;"Daugherty; Bins and Wiegand"
386;N/A;Hexi;Franecki Group
693;N/A;Postmasburg;"Hauck; Abshire and Langosh"
748;N/A;San Ignacio de Tupile;Marks-Fisher
243;N/A;Bārah;"Koch; White and Nader"
576;N/A;Medenine;"Kris; Block and Gottlieb"
580;N/A;Mełgiew;"Cronin; Emmerich and O'Keefe"
970;OH;Hamilton;"Conroy; Anderson and Reichel"
197;N/A;Bayān;"Flatley; Murray and Steuber"
699;N/A;Pueblo Nuevo;Lubowitz and Sons
531;N/A;Liutao;"Simonis; Kuhlman and Price"
254;N/A;Campo de la Cruz;"Gerhold; Shanahan and Swaniawski"
105;BD;Luleå;Keeling LLC
925;N/A;Yixin;Corkery-Pfeffer
572;N/A;Maştağa;Morissette-Johnston
300;N/A;Dakoro;"Johnson; Gerhold and Emard"
888;N/A;Wenchi;"Sauer; Hahn and Kuhic"
375;N/A;Gēdo;Homenick Inc
594;N/A;Morrison;Kuvalis-Witting
3;01;Moss;"Becker; Lowe and Beatty"
702;N/A;Pyhäselkä;"Hoppe; Turner and Hyatt"
764;N/A;Sekondi-Takoradi;"Heaney; Borer and Conn"
43;13;Calçada;Stoltenberg-Bauch
982;SK;Moose Jaw;"Hilpert; Farrell and Hirthe"
244;N/A;Bělá pod Bezdězem;"Wunsch; Brown and Casper"
258;N/A;Cardona;Flatley Group
747;N/A;San Ignacio;Berge and Sons
176;N/A;Badu;Leuschke-Mitchell
713;N/A;Qimeng;"Strosin; Muller and Koss"
498;N/A;Kwangju;"Roberts; Connelly and Ullrich"
492;N/A;Kranggan;Kling-Kuhic
578;N/A;Mengdong;"Cronin; Funk and Keeling"
175;N/A;Badarganj;Towne and Sons
342;N/A;Futian;Walker-MacGyver
791;N/A;Siguinon;Morissette and Sons
19;05;Venlo;"Robel; Schiller and Lockman"
673;N/A;Peddie;"Kertzmann; O'Hara and Gleason"
824;N/A;Taiyang;Stamm-Abbott
472;N/A;Kiraman;"Kutch; Walker and Welch"
236;N/A;Bungabon;Christiansen-Kirlin
201;N/A;Beisijia;Conn-Bashirian
47;13;Ponte Nova;Auer Inc
582;N/A;Migues;Crona LLC
876;N/A;Višnjićevo;Windler-Koepp
585;N/A;Mirsk;Frami-Leffler
835;N/A;Tertek;Kuphal-Beatty
929;N/A;Yuscarán;Kilback-Stanton
62;16;Trondheim;"Cormier; Nitzsche and Abbott"
10;03;Oslo;Kshlerin LLC
637;N/A;Níkaia;"Bartoletti; Schowalter and Wisoky"
877;N/A;Voronezh;"Beer; Herman and Spencer"
620;N/A;Nieborów;Runte-Blanda
914;N/A;Yahil’nytsya;Bergstrom-Dickinson
449;N/A;Kangani;Leffler-Cummings
314;N/A;Dongdu;Hudson-McCullough
303;N/A;Danauparis;"Dicki; Haley and Kshlerin"
270;N/A;Chiriguaná;Rau-Bosco
411;N/A;Indramayu;Stokes-Kovacek
880;N/A;Vygonichi;"Runolfsdottir; VonRueden and Shanahan"
168;N/A;Arsenal;O'Hara LLC
665;N/A;Paranaíba;Bergnaum Inc
304;N/A;Dandai;"Farrell; Ziemann and Haley"
447;N/A;Kambar;Padberg Group
869;N/A;Vacoas;Gulgowski-Balistreri
332;N/A;Esuk Oron;Ward-Bartell
932;N/A;Zaleszany;Sanford LLC
65;18;Outeiro;Lakin Inc
215;N/A;Bledzew;Hermiston LLC
207;N/A;Bergville;Upton and Sons
499;N/A;Kálymnos;Johnson-Klocko
573;N/A;Ma’ao;Schultz-Hilpert
855;N/A;Tunjë;Homenick Inc
518;N/A;Liang;Roob-Willms
38;11;Dafundo;"Nitzsche; Fay and Cummerata"
297;N/A;Cube;Schowalter-Ebert
18;05;Roermond;Balistreri and Sons
145;N/A;Akademgorodok;"Farrell; Durgan and Trantow"
593;N/A;Mompós;"Wisozk; Murray and Hirthe"
422;N/A;Jabranti;"Kilback; Quigley and Macejkovic"
125;GRO;Ejidal;Walsh Group
886;N/A;Weifen;"Waters; Ondricka and Bednar"
523;N/A;Libu;Kuvalis Group
127;GUA;San Miguel;Nienow and Sons
762;N/A;Sebasang;"Connelly; Bruen and Anderson"
344;N/A;Gaide;Bosco-Ryan
148;N/A;Al Ḩarāk;"Waelchi; Robel and Pagac"
289;N/A;Comitancillo;"Ledner; Hermiston and Bartell"
232;N/A;Bukavu;Feil Group
714;N/A;Qingban;Dare and Sons
591;N/A;Molo;Collins and Sons
812;N/A;Sumberbening;Bailey Inc
661;N/A;Panjiang;"Batz; Jerde and Jaskolski"
497;N/A;Kvasiny;Renner-Lindgren
936;N/A;Zelenodolsk;Emard Group
743;N/A;Sagua de Tánamo;Oberbrunner-McClure
817;N/A;Sørvágur;Breitenberg-Towne
871;N/A;Velikovechnoye;"Thompson; Skiles and O'Kon"
634;N/A;Nysa;"Pollich; Monahan and Willms"
647;N/A;Ouani;"Jacobs; Yundt and Mitchell"
656;N/A;Pajak;Watsica-Bartell
146;N/A;Al Jīzah;Lockman Inc
653;N/A;Padilla;"Pouros; Kassulke and McClure"
793;N/A;Sindangraja;"Bayer; Klein and Cremin"
991;VA;Reston;Deckow-McDermott
58;15;Zwolle;"Langworth; Nikolaus and Botsford"
795;N/A;Sison;Upton LLC
360;N/A;Grajaú;Dicki-Kautzer
510;N/A;Langensari;Wiza and Sons
536;N/A;Longzhou;Douglas-Ondricka
931;N/A;Zadawa;Towne Inc
629;N/A;Nueva Italia;Dickinson-Jast
951;N/A;Zubrzyca Dolna;Rempel-Hodkiewicz
797;N/A;Smínthi;Carter Inc
305;N/A;Dankunku;Reichel-Gerhold
460;N/A;Kebunkelapa;Ortiz-Metz
430;N/A;Jiangbu;"Pouros; Kemmer and Medhurst"
366;N/A;Gubuk Daya;"O'Connell; Smith and Balistreri"
110;CA;San Diego;"Reilly; Morissette and Aufderhar"
266;N/A;Chaoyang;Borer-Bauch
552;N/A;Mairiporã;Hamill-Bayer
853;N/A;Tugela Ferry;"Moore; Hahn and Wunsch"
42;12;Bergen;"Schimmel; Lockman and Moore"
425;N/A;Javalera;Aufderhar-Hilpert
780;N/A;Shiqiao;Quitzon-Romaguera
679;N/A;Phra Nakhon Si Ayutthaya;Hansen LLC
583;N/A;Mingjing;Johns Group
611;N/A;Nansan;Christiansen-Rath
445;N/A;Kaleybar;Gaylord-Lueilwitz
735;N/A;Rumenka;Lowe-Boehm
130;LM;Milano;Jast Inc
990;U;Västerås;Considine-Welch
181;N/A;Balete;Cormier-Watsica
757;N/A;Sanhe;Flatley-Reichert
496;N/A;Kurmanayevka;Volkman LLC
719;N/A;Rakitnoye;King LLC
706;N/A;Qaşr al Farāfirah;Hand LLC
960;N/A;Ţayyibat al Imām;Ondricka-Upton
515;N/A;Leskolovo;"Mills; Davis and Glover"
414;N/A;Invercargill;Turner Inc
646;N/A;Osek nad Bečvou;Williamson-O'Connell
730;N/A;Rodionovo-Nesvetayskaya;Farrell-Hackett
439;N/A;Jubao;Boehm-Gaylord
180;N/A;Balakhta;"Mills; Thiel and Dicki"
913;N/A;Yaguarón;"Torphy; Cruickshank and O'Kon"
122;F;Jönköping;Padberg Inc
902;N/A;Xinchenglu;Wolf-Barton
225;N/A;Bočar;Ernser Inc
753;N/A;San Pedro de Atacama;Dickens-Barrows
898;N/A;Xiabeisi;Nitzsche-Strosin
362;N/A;Grigiškės;"Huel; Lockman and Sanford"
867;N/A;Urshel’skiy;Vandervort-Berge
906;N/A;Xinxu;Buckridge-Stoltenberg
607;N/A;Měcholupy;"Feest; Kertzmann and Runte"
916;N/A;Yamrat;"Huels; Bernier and Lindgren"
750;N/A;San José;Bashirian-Simonis
641;N/A;Oenunu;Langosh-Schamberger
169;N/A;Ash Shuqayrah;Goyette Inc
783;N/A;Shizuoka-shi;Jakubowski LLC
94;AB;Vårby;"Torp; Lind and Waelchi"
381;N/A;Haymā’;Johnston-Schaden
666;N/A;Pasanggrahan;"Weimann; Labadie and Stracke"
977;PUE;El Calvario;"Heller; Bernhard and Ward"
156;N/A;Amuru;"Prosacco; Pacocha and Leannon"
509;N/A;Lanci Satu;Rice Group
803;N/A;Stanišić;"Graham; Robel and McClure"
571;N/A;Maño;Nienow-Kozey
711;N/A;Qila Abdullāh;Hermiston-Hauck
575;N/A;Mbomba;Homenick-Jenkins
511;N/A;Langádhia;Murphy-Pfannerstill
505;N/A;La Sebala du Mornag;Kuvalis LLC
491;N/A;Kragujevac;Schroeder and Sons
961;N/A;Żywiec;Kirlin-Bradtke
928;N/A;Youlan;Braun-Bahringer
489;N/A;Kotor;Jacobson LLC
987;TX;El Paso;Casper-Konopelski
773;N/A;Shanling;"Considine; Watsica and Fritsch"
54;14;Meia Via;Witting-Haley
420;N/A;Ivot;Gislason-Kuhn
52;14;Aldeia de Além;Williamson-Feest
756;N/A;Sanghan;Mohr-Hahn
517;N/A;Lgota Wielka;Gleichner LLC
704;N/A;Qal‘eh-ye Khvājeh;Funk-Hirthe
76;A4;Sedan;Bartoletti-Abernathy
926;N/A;Yongchuan;"Murray; Zieme and Kemmer"
269;N/A;Chinchaypujio;Fritsch-Jones
26;07;Alcáçovas;Luettgen-Kozey
854;N/A;Tunjuk Selatan;"Muller; Ward and Gleason"
718;N/A;Quinocay;Macejkovic LLC
843;N/A;Tobilolong;"Bauch; Shanahan and Anderson"
172;N/A;Avarua;Renner-Bahringer
6;02;Mértola;Lowe Group
100;B8;Nice;Abshire-Stokes
416;N/A;Isiro;"Rath; Von and Borer"
142;N/A;Agriá;Bradtke-Dare
410;N/A;Indaial;Ortiz Inc
998;X;Gävle;Huels-Hartmann
235;N/A;Buluangan;"Christiansen; Dietrich and Sauer"
357;N/A;Golubinci;Dickens-Streich
792;N/A;Simunul;Aufderhar-Trantow
321;N/A;Dulangan;Nikolaus Inc
752;N/A;San Pedro Zacapa;"Yost; Braun and Wyman"
443;N/A;Kalate;Kuhlman-Kshlerin
53;14;Malpique;"King; Kozey and Bogisich"
828;N/A;Tamamura;"Emard; Kovacek and Hills"
596;N/A;Motrico;Graham and Sons
727;N/A;Ricardo Palma;"Schultz; Koelpin and Mann"
329;N/A;Elena;"Spinka; VonRueden and Hessel"
319;N/A;Drogomyśl;Orn Inc
278;N/A;Cigadung;Gorczany LLC
686;N/A;Pithoro;Schumm-Sporer
229;N/A;Budy;Murazik and Sons
890;N/A;Wenquan;"Batz; Cremin and McGlynn"
904;N/A;Xingshou;Kuhlman LLC
260;N/A;Caçapava;Friesen and Sons
17;05;Pedrogão;Strosin LLC
372;N/A;Guohua;"Roob; Johnston and Stokes"
390;N/A;Hobaramachi;"Lebsack; Corkery and Konopelski"
692;N/A;Port Maria;Rutherford-Thompson
600;N/A;Mulanje;"Hodkiewicz; Ruecker and Doyle"
116;CT;Stamford;"Bosco; Conn and Dickens"
604;N/A;Myanaung;MacGyver-Nicolas
358;N/A;Gornji Breg;Torphy-Powlowski
212;N/A;Bindura;"Upton; Mueller and Kemmer"
561;N/A;Marabahan;Beahan Inc
336;N/A;Fenhe;VonRueden-Ruecker
31;09;Utrecht (stad);"Rolfson; Bayer and Powlowski"
597;N/A;Mozdok;Goyette Inc
581;N/A;Miaoyu;Parisian Inc
840;N/A;Tianyuan;O'Conner-Stoltenberg
508;N/A;Lampa;"Lindgren; Lemke and Skiles"
870;N/A;Valle de Ángeles;"Cummings; Sauer and Halvorson"
284;N/A;Cisantri;Wiegand-Gutmann
652;N/A;Pacora;Streich LLC
866;N/A;Ungsang;"Cormier; McLaughlin and Kub"
650;N/A;Owerri;Bogan-Erdman
802;N/A;Srbica;Welch Group
547;N/A;Machinda;"Ankunding; Schimmel and O'Hara"
71;A1;Dijon;Doyle-Halvorson
253;N/A;Caleta Olivia;"Barrows; Lubowitz and Robel"
403;N/A;Hövsan;"Herzog; Gottlieb and Harvey"
233;N/A;Bulacnin;Stehr-Kshlerin
519;N/A;Liangchahe;Dibbert-Pouros
779;N/A;Shifang;Cormier Inc
373;N/A;Gwangtan;Gleichner-Adams
927;N/A;Yonghe;Hand and Sons
700;N/A;Puerres;Wintheiser-Kassulke
720;N/A;Rancabungur;Morissette LLC
754;N/A;San Pedro de Atacama;"Ryan; Kertzmann and Blanda"
534;N/A;Longgang;Batz and Sons
119;E;Linköping;"Lindgren; Wolf and Bruen"
545;N/A;Lühua;Orn Inc
558;N/A;Mandráki;Rempel-Buckridge
481;N/A;Kolirerek;"Heller; Trantow and Hayes"
805;N/A;Staromyshastovskaya;"Runolfsson; Nikolaus and Thiel"
249;N/A;Cabog;Bergnaum-Hirthe
609;N/A;Nagrak;"Moen; Dibbert and Ankunding"
374;N/A;Gyangqai;Raynor LLC
838;N/A;Thívai;"Hills; Abernathy and Will"
384;N/A;Heshan;Mitchell-Larson
263;N/A;Changgang;"Waelchi; Skiles and Senger"
678;N/A;Phayakkhaphum Phisai;"Shields; Frami and Cremin"
883;N/A;Walichnowy;Reynolds Group
81;A8;Paris 19;"Bogisich; Wunsch and Schulist"
267;N/A;Charikar;"Lang; Murazik and Baumbach"
230;N/A;Budziszewice;Kessler Group
21;06;Colmeal;"Boyle; Corkery and Douglas"
294;N/A;Corumbá;"Donnelly; Lemke and Bailey"
395;N/A;Huangjinbu;"Leuschke; Schumm and Will"
599;N/A;Mukun;"Heaney; Bradtke and Wolf"
910;N/A;Xin’an;"Barton; Roob and Greenfelder"
942;N/A;Zheshan;Johnson Inc
85;A9;Nîmes;Koss-Lang
590;N/A;Molagavita;McDermott Inc
821;N/A;Tagana-an;Turcotte and Sons
759;N/A;Santa Cruz do Sul;Larson-Feil
256;N/A;Cantoria;"Smitham; Torp and Mitchell"
121;F;Jönköping;Keebler and Sons
369;N/A;Guinsadan;Wiegand-Mills
262;N/A;Chaltyr;O'Reilly and Sons
268;N/A;Chengjiao Chengguanzhen;Reilly-Schumm
834;N/A;Telukpakedai;"Rogahn; Stanton and Metz"
157;N/A;An Lão;Wolf-Hagenes
733;N/A;Rujewa;Pfeffer-Willms
749;N/A;San Isidro;"Stark; Berge and Brown"
778;N/A;Shidu;Swaniawski-Bergstrom
421;N/A;Iwŏn-ŭp;"McClure; Kerluke and Jast"
453;N/A;Kari;West-Hills
138;N/A;Abovyan;Parker-Ritchie
173;N/A;A’ershan;Mante-Goyette
419;N/A;Itupeva;"Daugherty; Hand and Christiansen"
7;03;Boucinha;Wehner Group
579;N/A;Mengyin;Jacobs LLC
35;1084;København;Thiel-Gerlach
88;AB;Järna;Barton-Ritchie
721;N/A;Rantaupanjang;Jacobi-Rippin
799;N/A;Sonder;Friesen-Reynolds
279;N/A;Cihurip Satu;"Zieme; Breitenberg and O'Hara"
459;N/A;Kazinka;Heathcote Inc
248;N/A;Cabay;Durgan Group
123;F;Jönköping;Schaefer and Sons
658;N/A;Pandean;Price-Heathcote
389;N/A;Hiratsuka;Kuphal and Sons
660;N/A;Pangantocan;Smitham Group
937;N/A;Zevgolateió;"Streich; Jenkins and Lemke"
636;N/A;Néa Péramos;Ferry Group
917;N/A;Yangong;Heidenreich-Wehner
565;N/A;Markaz al Marīr;Pfannerstill-Walker
227;N/A;Brochów;"Upton; Mueller and Collier"
134;MI;Detroit;Borer-Orn
334;N/A;Fengshan;"Turcotte; Stracke and Cummings"
555;N/A;Manacsac;Fahey-Mertz
532;N/A;Lixiqiao;Smith and Sons
349;N/A;Gedaliang;Marks-Braun
847;N/A;Tongjing;"Cummings; Cassin and Satterfield"
971;OK;Oklahoma City;Windler Group
625;N/A;Novomichurinsk;Dibbert-Rohan
813;N/A;Surkh Bilandī;Kertzmann LLC
569;N/A;Maythalūn;Mills-Rath
240;N/A;Butahai;"Goldner; Baumbach and Crona"
644;N/A;Olkusz;Hilll LLC
371;N/A;Gunjur;Flatley-Gutkowski
903;N/A;Xindong;Batz and Sons
281;N/A;Cilolohan;"Harber; Upton and Howell"
588;N/A;Mobaye;McCullough LLC
2;01;Fajões;Stiedemann-Windler
25;06;Tocha;Purdy Inc
252;N/A;Calapan;Glover and Sons
312;N/A;Disina;"Flatley; Goodwin and Green"
814;N/A;Su’ao;"Lakin; Koelpin and Prohaska"
28;07;Pavia;VonRueden-Cummings
37;11;Carvoeira;Mayer-Simonis
153;N/A;Ami;"Hills; Crona and Barton"
846;N/A;Tomilino;Armstrong Inc
874;N/A;Victoria;Towne LLC
348;N/A;Garoua Boulaï;Jones Inc
698;N/A;Ptghunk’;Durgan-Jones
844;N/A;Tocopilla;Reichel Group
117;D;Strängnäs;Kuhlman-Yundt
996;WI;Milwaukee;"Hoppe; Cronin and Yost"
199;N/A;Bazzāryah;Witting and Sons
218;N/A;Boleszkowice;Flatley Inc
919;N/A;Yantan;Heaney-McClure
401;N/A;Huohua;Abernathy Group
92;AB;Stockholm;Hyatt and Sons
908;N/A;Xinzhou;"Kassulke; Lesch and Kohler"
355;N/A;Glasnevin;"Leuschke; Hahn and Bashirian"
479;N/A;Koffiefontein;"Stamm; Huels and Kuhic"
577;N/A;Melfi;Hand Inc
695;N/A;Prengtale;Hermann-Shanahan
322;N/A;Dunhou;Heathcote-Langworth
628;N/A;Ntobo;"Jast; Champlin and Bednar"
433;N/A;Jijiga;"Crist; Macejkovic and Simonis"
103;B9;Grenoble;Reinger-Hartmann
554;N/A;Malabang;Wintheiser-Jast
777;N/A;Shengli;"Stark; Homenick and Zboncak"
612;N/A;Nantang;Carter Inc
632;N/A;Nunutba;Bartoletti Inc
827;N/A;Talisay;"Bode; Hegmann and Johns"
935;N/A;Zduńska Wola;Quigley and Sons
12;03;São Paio Merelim;Goyette Group
432;N/A;Jiaodai;Kshlerin Group
363;N/A;Guacarí;"Denesik; Swift and Hills"
163;N/A;Ar Ru’ays;Jakubowski-Keebler
293;N/A;Corquín;Gleichner-Wisozk
949;N/A;Zhuanshui;Roob LLC
775;N/A;Sharkawshchyna;"Hauck; Leffler and Herman"
540;N/A;Louis Trichardt;"Howe; Watsica and Frami"
507;N/A;Lakinsk;"Ferry; Considine and Morar"
308;N/A;Datong;"Gulgowski; Morissette and Cruickshank"
183;N/A;Bambor;"Davis; Grady and Morar"
185;N/A;Ban Ratsada;"Frami; Ward and Blanda"
0;01;Anadia;Graham-Hane
137;MT;Billings;"Kemmer; Abbott and Greenholt"
894;N/A;Woto;Altenwerth LLC
512;N/A;Las Tejerías;Wintheiser-Lindgren
171;N/A;Atengmelang;Corkery-Jenkins
200;N/A;Bechyně;Strosin Inc
333;N/A;Fairview;Douglas-Robel
934;N/A;Zbąszyń;Zieme-Turner
494;N/A;Krzęcin;"Heathcote; Weimann and Weber"
882;N/A;Wailang;"Bayer; Davis and Roob"
989;TX;Midland;Bartoletti-Moore
964;N/A;‘Awaj;Flatley-Tillman
29;07;Sandefjord;Parisian-Wisozk
745;N/A;Salinungan Proper;Beahan-Rolfson
234;N/A;Bulu;Steuber and Sons
195;N/A;Bawshar;"Botsford; Hessel and Gulgowski"
859;N/A;Tvarožná;Hilll and Sons
36;11;Alenquer;"West; Mraz and Koelpin"
958;N/A;Łętownia;Brown-Stokes
237;N/A;Burgaltay;Mante Group
969;O;Trollhättan;"Dickinson; Olson and Carter"
709;N/A;Qiaozhuang;"Marvin; Gibson and Rempel"
879;N/A;Vrangel’;Rath Inc
49;13;Rio;"Anderson; Upton and Okuneva"
299;N/A;Dahe;Berge-Bauch
963;N/A;‘Afrīn;"Ruecker; Stokes and Monahan"
455;N/A;Karvia;"Becker; O'Conner and Tillman"
79;A8;Eaubonne;Schaefer Inc
674;N/A;Pelileo;Marvin and Sons
458;N/A;Kawaguchi;Lesch-Larson
143;N/A;Ailibugai;Renner LLC
610;N/A;Najin;Kiehn LLC
872;N/A;Verkhniy Mamon;"Considine; Gutmann and Smitham"
836;N/A;Tečovice;Fay-Bergnaum
965;NSW;Northern Suburbs Mc;Pollich-Ankunding
728;N/A;Richards Bay;Beahan LLC
807;N/A;Stepanovićevo;"Huels; Herman and Stokes"
407;N/A;Igurusi;"Johnston; Blick and Cole"
464;N/A;Kerċem;"Rohan; Kuhlman and Torphy"
962;N/A;Žatec;Luettgen LLC
326;N/A;El Paraíso;Ortiz-Crona
734;N/A;Rumat Heib;"Cruickshank; Fahey and Kohler"
842;N/A;Tiniguiban;"O'Connell; Quitzon and Roberts"
726;N/A;Repnoye;Walsh Group
487;N/A;Korsakovo;Hamill-Littel
154;N/A;Amizmiz;Harris-Brekke
933;N/A;Zarechnyy;Mohr-Rippin
413;N/A;Inriville;"Miller; Kunze and Mertz"
816;N/A;São João del Rei;"Beatty; Dibbert and Hansen"
994;VER;Lindavista;"Pfannerstill; Howe and Rohan"
301;N/A;Dampit;Pouros Inc
884;N/A;Wang Thonglang;Parisian-Schamberger
682;N/A;Phú Vang;Spencer-Moore
194;N/A;Batangan;Bode-Weber
546;N/A;Maca;Bashirian-Boehm
562;N/A;Maragogipe;Hermiston and Sons
985;TN;Knoxville;Mitchell LLC
69;97;Marmande;"Denesik; Hodkiewicz and Walsh"
412;N/A;Iniö;"Skiles; Weber and Zemlak"
923;N/A;Yelenendorf;Schowalter-Jones
190;N/A;Baoxing;"Osinski; McClure and Goodwin"
529;N/A;Lingyuan;Turner-Keeling
723;N/A;Reisdorf;Hahn-Monahan
388;N/A;Hino;"Gottlieb; Ritchie and DuBuque"
13;03;São Pedro;"Toy; Grimes and Huel"
999;X;Gävle;Lubowitz Group
831;N/A;Taunggyi;Treutel and Sons
893;N/A;Wotan;Casper-MacGyver
111;CA;San Jose;Bins-Kuhlman
833;N/A;Tecpán Guatemala;Ziemann LLC
436;N/A;Jingjiao;Hoeger-Ryan
74;A2;Saint-Brieuc;"Schimmel; Heller and Leffler"
287;N/A;Clorinda;Nienow Inc
141;N/A;Adamstown;Kovacek Inc
220;N/A;Bonao;Little and Sons
446;N/A;Kalidawir;Ziemann-Waelchi
75;A3;Saint-Pierre-des-Corps;Goldner LLC
649;N/A;Oussivo;Kihn Inc
631;N/A;Numazu;"Miller; Jaskolski and Gulgowski"
251;N/A;Calamba;Rolfson LLC
313;N/A;Divjakë;Dibbert and Sons
948;N/A;Zhuangbu;VonRueden-Heathcote
187;N/A;Banjar Paangkelod;Lowe-Bins
769;N/A;Shakhtars’k;Olson-Jacobson
602;N/A;Mwembe;"Waters; Veum and Predovic"
50;13;Sardoal;"Berge; Heaney and Runolfsson"
170;N/A;Ashikaga;"Satterfield; Lehner and Hammes"
159;N/A;Anjirserapat;Terry-Considine
102;B9;Bourg-en-Bresse;Rutherford-Stracke
825;N/A;Tajur;Stokes-Leffler
210;N/A;Bidbid;Labadie-Bartoletti
198;N/A;Bazar-Korgon;"Cartwright; Miller and Bernier"
809;N/A;Stutterheim;"Grimes; Veum and Mills"
340;N/A;Franca;Pagac Inc
528;N/A;Lincheng;O'Hara-Smitham
306;N/A;Danxi;Pagac-Halvorson
213;N/A;Binitayan;Legros and Sons
14;04;Kongsvinger;Pfeffer Inc
677;N/A;Pervomays’k;Kautzer Inc
83;A8;Étampes;Mohr-Kirlin
451;N/A;Kankara;VonRueden Inc
115;COL;Altavista;Wyman Inc
688;N/A;Pluak Daeng;"Huel; Mayert and Goyette"
716;N/A;Qinjia;Dickens-Erdman
325;N/A;El Mida;Mitchell-Heller
448;N/A;Kamirenjaku;Funk-Russel
524;N/A;Lidzbark;Wunsch Group
209;N/A;Biankouma;"Gerhold; Bauch and Lemke"
39;11;Marteleira;Murray-Larson
956;N/A;Ögöömör;"Cartwright; Emmerich and Ondricka"
4;01;Moss;Oberbrunner-Bergnaum
676;N/A;Pengwan;Weissnat Group
851;N/A;Tuateta;Greenfelder-Towne
595;N/A;Motong;"Rohan; Tillman and Stroman"
475;N/A;Klampis;Bauch Inc
95;AB;Åkersberga;"Smith; Homenick and Franecki"
167;N/A;Armavir;Halvorson-Heller
724;N/A;Rencun;Bartoletti-Spinka
539;N/A;Los Dos Caminos;Bruen-Pacocha
746;N/A;San Benito;Grady-Howe
868;N/A;Usicayos;"Ledner; Bergnaum and Ondricka"
712;N/A;Qilin;Brown-Olson
788;N/A;Shuntian;Auer LLC
760;N/A;Santa María del Real;Grimes-Collins
911;N/A;Yacuíba;Ryan-Wyman
211;N/A;Biliran;Kunze and Sons
527;N/A;Liminka;Ratke-Kuphal
901;N/A;Xibu;"O'Hara; Raynor and Kirlin"
238;N/A;Burla;Bergstrom-Kemmer
858;N/A;Turt;"Leannon; Pollich and Kerluke"
128;IA;Iowa City;"Kiehn; Ledner and Macejkovic"
184;N/A;Ban Chang;Blick-Powlowski
424;N/A;Jastrebarsko;"Muller; Reinger and Schoen"
72;A2;Rennes;Kihn-Kuphal
398;N/A;Huangtan;"Crona; Schroeder and Parker"
60;16;Bouças;Collins-Schneider
30;07;Zaandam;Windler LLC
541;N/A;Lubāna;"Greenfelder; Paucek and Rowe"
188;N/A;Banyutengah;Simonis and Sons
801;N/A;Srbica;Hayes-Mann
544;N/A;Luniao;Price and Sons
732;N/A;Rudy;"Mitchell; Hettinger and Parisian"
99;B7;Châtellerault;"Christiansen; Blanda and Reinger"
474;N/A;Kisangani;Bogan Inc
717;N/A;Qintang;Schroeder-Von
504;N/A;La Playosa;Bergnaum-Metz
452;N/A;Karabudakhkent;Hegmann-Bode
22;06;Fiais da Beira;Schuster Inc
61;16;Castelo;Gutmann Inc
9;03;Oslo;Fadel-Zboncak
51;13;Vila Chã;Luettgen-Jerde
520;N/A;Lianovérgi;Abernathy Inc
739;N/A;Río de Oro;"Cremin; Kohler and Crooks"
567;N/A;Mat-i;Barrows Inc
104;BC;Fruitvale;"Feil; Bayer and Prohaska"
975;PA;Erie;McCullough-Reilly
471;N/A;Kinel’-Cherkassy;Weber LLC
431;N/A;Jianping;Kub-Murray
113;COA;Francisco I Madero;Harris-Ritchie
242;N/A;Bāndarban;Weber-Torphy
393;N/A;Houzhai;Labadie LLC
984;TC;Firenze;"Littel; Koss and Carroll"
654;N/A;Paghmān;Olson-Leuschke
11;03;Requião;Gislason-Marquardt
282;N/A;Cimaung Kidul;Weimann Group
140;N/A;Acandí;"Beier; Crooks and Tillman"
950;N/A;Zhuping;Douglas Group
771;N/A;Shambu;"Jakubowski; Satterfield and Nikolaus"
189;N/A;Baojia;Bruen LLC
473;N/A;Kiryandongo;"Grady; Labadie and Pollich"
177;N/A;Baga Borihe;Casper-Wolf
450;N/A;Kangdong-ŭp;Vandervort Group
484;N/A;Kongwan;"Lubowitz; Howell and Weissnat"
811;N/A;Sukhobezvodnoye;"Schaden; Bernhard and Lubowitz"
